,PPG
0,30728
1,30696
2,30568
3,30480
4,30416
5,30384
6,30344
7,30328
8,30312
9,30344
10,30360
11,30352
12,30392
13,30424
14,30448
15,30456
16,30456
17,30512
18,30496
19,30520
20,30528
21,30520
22,30560
23,30584
24,30568
25,30576
26,30576
27,30544
28,30528
29,30528
30,30496
31,30504
32,30448
33,30472
34,30440
35,30504
36,30464
37,30504
38,30520
39,30528
40,30520
41,30504
42,30536
43,30552
44,30576
45,30584
46,30592
47,30592
48,30632
49,30616
50,30616
51,30664
52,30656
53,30664
54,30664
55,30672
56,30640
57,30672
58,30632
59,30688
60,30656
61,30648
62,30648
63,30672
64,30648
65,30664
66,30664
67,30664
68,30672
69,30672
70,30688
71,30720
72,30696
73,30728
74,30712
75,30720
76,30720
77,30736
78,30760
79,30752
80,30728
81,30768
82,30768
83,30792
84,30776
85,30784
86,30800
87,30792
88,30800
89,30808
90,30816
91,30816
92,30824
93,30832
94,30848
95,30848
96,30864
97,30864
98,30872
99,30824
100,30808
101,30704
102,30624
103,30528
104,30464
105,30424
106,30384
107,30352
108,30352
109,30368
110,30352
111,30384
112,30392
113,30424
114,30472
115,30480
116,30512
117,30520
118,30528
119,30528
120,30584
121,30624
122,30632
123,30592
124,30616
125,30624
126,30600
127,30552
128,30560
129,30560
130,30520
131,30560
132,30504
133,30512
134,30536
135,30520
136,30496
137,30544
138,30552
139,30568
140,30576
141,30576
142,30600
143,30608
144,30624
145,30648
146,30632
147,30648
148,30640
149,30664
150,30672
151,30704
152,30680
153,30712
154,30704
155,30712
156,30712
157,30720
158,30712
159,30720
160,30712
161,30728
162,30728
163,30712
164,30728
165,30728
166,30752
167,30744
168,30760
169,30736
170,30760
171,30736
172,30752
173,30760
174,30776
175,30776
176,30784
177,30776
178,30792
179,30800
180,30816
181,30800
182,30832
183,30808
184,30848
185,30840
186,30824
187,30856
188,30872
189,30864
190,30888
191,30872
192,30888
193,30920
194,30888
195,30904
196,30912
197,30936
198,30896
199,30872
200,30824
201,30712
202,30600
203,30512
204,30448
205,30392
206,30352
207,30336
208,30312
209,30336
210,30352
211,30384
212,30400
213,30424
214,30432
215,30472
216,30472
217,30480
218,30520
219,30512
220,30552
221,30576
222,30552
223,30576
224,30592
225,30552
226,30544
227,30544
228,30552
229,30528
230,30528
231,30504
232,30520
233,30496
234,30528
235,30496
236,30472
237,30528
238,30528
239,30536
240,30536
241,30552
242,30560
243,30592
244,30592
245,30624
246,30608
247,30648
248,30624
249,30648
250,30672
251,30648
252,30688
253,30688
254,30656
255,30712
256,30672
257,30704
258,30712
259,30712
260,30688
261,30696
262,30688
263,30720
264,30672
265,30704
266,30712
267,30720
268,30728
269,30728
270,30728
271,30752
272,30768
273,30760
274,30768
275,30776
276,30752
277,30776
278,30776
279,30792
280,30776
281,30800
282,30800
283,30792
284,30808
285,30824
286,30824
287,30816
288,30832
289,30856
290,30864
291,30888
292,30864
293,30888
294,30888
295,30888
296,30920
297,30920
298,30888
299,30880
300,30824
301,30720
302,30608
303,30512
304,30432
305,30392
306,30376
307,30328
308,30352
309,30352
310,30360
311,30400
312,30424
313,30432
314,30480
315,30488
316,30544
317,30568
318,30552
319,30576
320,30568
321,30584
322,30600
323,30616
324,30608
325,30608
326,30600
327,30544
328,30544
329,30552
330,30528
331,30560
332,30512
333,30520
334,30480
335,30512
336,30528
337,30520
338,30536
339,30536
340,30544
341,30576
342,30568
343,30592
344,30632
345,30616
346,30624
347,30640
348,30656
349,30688
350,30672
351,30688
352,30704
353,30728
354,30696
355,30688
356,30696
357,30720
358,30712
359,30704
360,30696
361,30696
362,30688
363,30704
364,30704
365,30712
366,30696
367,30704
368,30752
369,30744
370,30720
371,30752
372,30736
373,30760
374,30760
375,30768
376,30752
377,30760
378,30800
379,30784
380,30792
381,30816
382,30800
383,30824
384,30832
385,30832
386,30848
387,30824
388,30848
389,30848
390,30872
391,30912
392,30888
393,30896
394,30888
395,30904
396,30864
397,30824
398,30768
399,30672
400,30560
401,30488
402,30456
403,30416
404,30392
405,30400
406,30384
407,30392
408,30424
409,30472
410,30464
411,30488
412,30512
413,30560
414,30616
415,30640
416,30656
417,30672
418,30680
419,30704
420,30704
421,30720
422,30720
423,30664
424,30656
425,30624
426,30608
427,30592
428,30576
429,30576
430,30568
431,30584
432,30568
433,30584
434,30560
435,30592
436,30616
437,30640
438,30672
439,30664
440,30664
441,30712
442,30696
443,30728
444,30728
445,30728
446,30744
447,30760
448,30752
449,30744
450,30776
451,30792
452,30768
453,30784
454,30776
455,30816
456,30792
457,30784
458,30800
459,30776
460,30784
461,30760
462,30800
463,30816
464,30792
465,30800
466,30840
467,30800
468,30800
469,30800
470,30832
471,30832
472,30840
473,30824
474,30832
475,30880
476,30856
477,30856
478,30872
479,30888
480,30872
481,30912
482,30920
483,30912
484,30928
485,30920
486,30944
487,30984
488,30952
489,31000
490,30984
491,30976
492,30920
493,30864
494,30800
495,30632
496,30544
497,30480
498,30432
499,30376
500,30376
501,30368
502,30360
503,30352
504,30408
505,30448
506,30448
507,30448
508,30480
509,30528
510,30512
511,30560
512,30568
513,30576
514,30600
515,30616
516,30632
517,30624
518,30624
519,30616
520,30608
521,30608
522,30568
523,30600
524,30520
525,30512
526,30528
527,30536
528,30528
529,30528
530,30504
531,30552
532,30568
533,30536
534,30568
535,30608
536,30584
537,30616
538,30656
539,30664
540,30648
541,30696
542,30704
543,30688
544,30712
545,30712
546,30720
547,30720
548,30736
549,30728
550,30720
551,30736
552,30744
553,30744
554,30744
555,30752
556,30744
557,30744
558,30728
559,30752
560,30760
561,30768
562,30768
563,30776
564,30808
565,30776
566,30768
567,30816
568,30800
569,30792
570,30816
571,30816
572,30816
573,30840
574,30840
575,30848
576,30880
577,30856
578,30888
579,30896
580,30896
581,30920
582,30928
583,30920
584,30920
585,30912
586,30880
587,30840
588,30736
589,30584
590,30496
591,30456
592,30408
593,30336
594,30312
595,30304
596,30352
597,30352
598,30352
599,30376
600,30408
601,30432
602,30432
603,30456
604,30496
605,30488
606,30520
607,30560
608,30576
609,30560
610,30600
611,30584
612,30592
613,30584
614,30584
615,30576
616,30552
617,30520
618,30504
619,30480
620,30504
621,30472
622,30488
623,30496
624,30496
625,30544
626,30544
627,30544
628,30552
629,30568
630,30576
631,30584
632,30624
633,30616
634,30640
635,30664
636,30656
637,30656
638,30696
639,30680
640,30672
641,30680
642,30704
643,30696
644,30720
645,30720
646,30728
647,30704
648,30712
649,30712
650,30728
651,30736
652,30728
653,30712
654,30696
655,30688
656,30704
657,30720
658,30728
659,30736
660,30752
661,30736
662,30752
663,30752
664,30752
665,30784
666,30768
667,30768
668,30808
669,30816
670,30840
671,30840
672,30808
673,30840
674,30864
675,30848
676,30848
677,30816
678,30776
679,30664
680,30560
681,30448
682,30416
683,30344
684,30352
685,30320
686,30304
687,30328
688,30336
689,30392
690,30432
691,30440
692,30456
693,30488
694,30496
695,30512
696,30528
697,30536
698,30560
699,30600
700,30632
701,30640
702,30624
703,30648
704,30624
705,30608
706,30592
707,30576
708,30496
709,30480
710,30464
711,30488
712,30504
713,30488
714,30480
715,30496
716,30520
717,30520
718,30544
719,30576
720,30576
721,30600
722,30608
723,30624
724,30624
725,30648
726,30632
727,30640
728,30656
729,30672
730,30680
731,30680
732,30688
733,30664
734,30712
735,30688
736,30688
737,30688
738,30688
739,30696
740,30712
741,30688
742,30704
743,30672
744,30680
745,30696
746,30704
747,30680
748,30696
749,30712
750,30720
751,30728
752,30720
753,30728
754,30752
755,30768
756,30768
757,30776
758,30768
759,30776
760,30800
761,30776
762,30728
763,30632
764,30576
765,30464
766,30376
767,30344
768,30304
769,30256
770,30272
771,30272
772,30288
773,30288
774,30320
775,30360
776,30352
777,30376
778,30368
779,30392
780,30424
781,30448
782,30488
783,30496
784,30504
785,30520
786,30512
787,30536
788,30504
789,30496
790,30488
791,30480
792,30448
793,30440
794,30432
795,30416
796,30384
797,30424
798,30416
799,30376
800,30408
801,30408
802,30416
803,30456
804,30456
805,30456
806,30512
807,30512
808,30552
809,30544
810,30544
811,30584
812,30576
813,30592
814,30584
815,30576
816,30584
817,30576
818,30600
819,30576
820,30592
821,30608
822,30592
823,30584
824,30616
825,30616
826,30624
827,30600
828,30584
829,30616
830,30624
831,30592
832,30608
833,30648
834,30640
835,30632
836,30648
837,30648
838,30656
839,30680
840,30640
841,30664
842,30672
843,30704
844,30712
845,30728
846,30720
847,30720
848,30752
849,30760
850,30720
851,30632
852,30568
853,30488
854,30368
855,30296
856,30248
857,30168
858,30176
859,30152
860,30128
861,30144
862,30144
863,30152
864,30192
865,30216
866,30208
867,30240
868,30264
869,30272
870,30296
871,30280
872,30272
873,30296
874,30280
875,30312
876,30320
877,30336
878,30312
879,30320
880,30320
881,30288
882,30272
883,30240
884,30280
885,30232
886,30248
887,30240
888,30240
889,30272
890,30288
891,30280
892,30264
893,30288
894,30304
895,30288
896,30344
897,30360
898,30368
899,30384
900,30360
901,30392
902,30392
903,30376
904,30392
905,30424
906,30408
907,30416
908,30424
909,30408
910,30408
911,30416
912,30416
913,30440
914,30424
915,30408
916,30432
917,30440
918,30432
919,30456
920,30440
921,30456
922,30464
923,30464
924,30464
925,30488
926,30480
927,30496
928,30504
929,30512
930,30512
931,30544
932,30536
933,30544
934,30552
935,30536
936,30544
937,30560
938,30568
939,30544
940,30552
941,30568
942,30584
943,30616
944,30640
945,30592
946,30600
947,30600
948,30584
949,30632
950,30632
951,30632
952,30624
953,30648
954,30656
955,30656
956,30648
957,30576
958,30480
959,30368
960,30280
961,30216
962,30128
963,30096
964,30056
965,30056
966,30024
967,30064
968,30096
969,30040
970,30096
971,30104
972,30152
973,30144
974,30168
975,30168
976,30160
977,30184
978,30184
979,30176
980,30232
981,30232
982,30240
983,30256
984,30184
985,30208
986,30192
987,30176
988,30176
989,30184
990,30168
991,30152
992,30128
993,30136
994,30136
995,30160
996,30152
997,30176
998,30176
999,30160
1000,30192
1001,30208
1002,30240
1003,30264
1004,30248
1005,30256
1006,30272
1007,30272
1008,30312
1009,30304
1010,30288
1011,30280
1012,30312
1013,30312
1014,30296
1015,30280
1016,30288
1017,30320
1018,30320
1019,30296
1020,30312
1021,30304
1022,30320
1023,30328
1024,30336
1025,30336
1026,30336
1027,30352
1028,30336
1029,30352
1030,30368
1031,30360
1032,30384
1033,30376
1034,30384
1035,30392
1036,30424
1037,30440
1038,30416
1039,30416
1040,30456
1041,30432
1042,30456
1043,30440
1044,30464
1045,30464
1046,30448
1047,30456
1048,30472
1049,30464
1050,30464
1051,30464
1052,30464
1053,30504
1054,30504
1055,30464
1056,30496
1057,30496
1058,30512
1059,30520
1060,30544
1061,30560
1062,30544
1063,30568
1064,30536
1065,30544
1066,30536
1067,30464
1068,30344
1069,30280
1070,30184
1071,30128
1072,30096
1073,30040
1074,30040
1075,30024
1076,30040
1077,30032
1078,30088
1079,30096
1080,30088
1081,30120
1082,30136
1083,30152
1084,30160
1085,30192
1086,30240
1087,30232
1088,30272
1089,30272
1090,30248
1091,30280
1092,30280
1093,30264
1094,30240
1095,30232
1096,30216
1097,30200
1098,30192
1099,30176
1100,30168
1101,30152
1102,30168
1103,30144
1104,30216
1105,30200
1106,30208
1107,30216
1108,30232
1109,30256
1110,30272
1111,30312
1112,30296
1113,30312
1114,30312
1115,30336
1116,30320
1117,30328
1118,30352
1119,30352
1120,30336
1121,30352
1122,30360
1123,30360
1124,30368
1125,30376
1126,30360
1127,30352
1128,30360
1129,30392
1130,30376
1131,30368
1132,30368
1133,30376
1134,30400
1135,30400
1136,30392
1137,30408
1138,30416
1139,30408
1140,30464
1141,30440
1142,30432
1143,30464
1144,30456
1145,30456
1146,30456
1147,30440
1148,30472
1149,30448
1150,30504
1151,30496
1152,30496
1153,30512
1154,30504
1155,30520
1156,30512
1157,30544
1158,30560
1159,30536
1160,30512
1161,30576
1162,30600
1163,30560
1164,30584
1165,30600
1166,30616
1167,30624
1168,30624
1169,30584
1170,30600
1171,30520
1172,30432
1173,30336
1174,30216
1175,30144
1176,30112
1177,30040
1178,30024
1179,29976
1180,29976
1181,29992
1182,29992
1183,30016
1184,30024
1185,30056
1186,30088
1187,30056
1188,30112
1189,30128
1190,30120
1191,30136
1192,30128
1193,30120
1194,30160
1195,30160
1196,30152
1197,30168
1198,30152
1199,30152
1200,30128
1201,30128
1202,30120
1203,30088
1204,30104
1205,30096
1206,30104
1207,30144
1208,30096
1209,30088
1210,30152
1211,30144
1212,30168
1213,30168
1214,30192
1215,30208
1216,30216
1217,30248
1218,30256
1219,30256
1220,30256
1221,30272
1222,30288
1223,30304
1224,30272
1225,30296
1226,30320
1227,30296
1228,30304
1229,30296
1230,30304
1231,30304
1232,30296
1233,30312
1234,30312
1235,30296
1236,30320
1237,30352
1238,30328
1239,30344
1240,30328
1241,30360
1242,30360
1243,30368
1244,30328
1245,30368
1246,30360
1247,30400
1248,30400
1249,30392
1250,30416
1251,30376
1252,30432
1253,30456
1254,30440
1255,30440
1256,30456
1257,30448
1258,30496
1259,30496
1260,30472
1261,30472
1262,30512
1263,30504
1264,30512
1265,30512
1266,30488
1267,30536
1268,30552
1269,30528
1270,30544
1271,30552
1272,30544
1273,30568
1274,30584
1275,30584
1276,30592
1277,30576
1278,30496
1279,30432
1280,30336
1281,30224
1282,30128
1283,30064
1284,30040
1285,30000
1286,30000
1287,29960
1288,29976
1289,30000
1290,30000
1291,30016
1292,30088
1293,30064
1294,30096
1295,30128
1296,30168
1297,30168
1298,30176
1299,30152
1300,30176
1301,30200
1302,30192
1303,30200
1304,30200
1305,30192
1306,30176
1307,30136
1308,30152
1309,30128
1310,30128
1311,30104
1312,30120
1313,30136
1314,30120
1315,30136
1316,30136
1317,30168
1318,30152
1319,30176
1320,30160
1321,30208
1322,30208
1323,30248
1324,30224
1325,30248
1326,30256
1327,30280
1328,30280
1329,30288
1330,30312
1331,30312
1332,30304
1333,30320
1334,30320
1335,30312
1336,30304
1337,30328
1338,30312
1339,30304
1340,30304
1341,30304
1342,30344
1343,30336
1344,30304
1345,30344
1346,30328
1347,30328
1348,30320
1349,30352
1350,30360
1351,30360
1352,30360
1353,30352
1354,30392
1355,30376
1356,30408
1357,30384
1358,30408
1359,30408
1360,30416
1361,30432
1362,30432
1363,30416
1364,30448
1365,30464
1366,30456
1367,30456
1368,30456
1369,30480
1370,30472
1371,30472
1372,30496
1373,30504
1374,30528
1375,30552
1376,30520
1377,30552
1378,30552
1379,30576
1380,30528
1381,30544
1382,30520
1383,30480
1384,30368
1385,30264
1386,30208
1387,30136
1388,30104
1389,30056
1390,30032
1391,30016
1392,30056
1393,30040
1394,30136
1395,30160
1396,30184
1397,30200
1398,30216
1399,30232
1400,30256
1401,30256
1402,30264
1403,30272
1404,30304
1405,30336
1406,30296
1407,30312
1408,30296
1409,30280
1410,30304
1411,30264
1412,30208
1413,30216
1414,30200
1415,30208
1416,30200
1417,30192
1418,30208
1419,30200
1420,30256
1421,30232
1422,30280
1423,30248
1424,30288
1425,30320
1426,30304
1427,30336
1428,30368
1429,30336
1430,30360
1431,30368
1432,30392
1433,30392
1434,30400
1435,30416
1436,30424
1437,30400
1438,30408
1439,30424
1440,30416
1441,30432
1442,30408
1443,30432
1444,30408
1445,30440
1446,30448
1447,30424
1448,30416
1449,30424
1450,30440
1451,30432
1452,30440
1453,30464
1454,30504
1455,30472
1456,30480
1457,30456
1458,30472
1459,30456
1460,30512
1461,30520
1462,30512
1463,30528
1464,30512
1465,30520
1466,30544
1467,30560
1468,30528
1469,30552
1470,30568
1471,30592
1472,30568
1473,30600
1474,30600
1475,30608
1476,30640
1477,30624
1478,30616
1479,30640
1480,30584
1481,30528
1482,30408
1483,30296
1484,30208
1485,30136
1486,30080
1487,30064
1488,30064
1489,30056
1490,30064
1491,30056
1492,30104
1493,30160
1494,30192
1495,30176
1496,30216
1497,30232
1498,30224
1499,30216
1500,30248
1501,30248
1502,30248
1503,30272
1504,30264
1505,30304
1506,30304
1507,30280
1508,30280
1509,30256
1510,30248
1511,30232
1512,30216
1513,30224
1514,30184
1515,30216
1516,30224
1517,30232
1518,30224
1519,30256
1520,30240
1521,30256
1522,30256
1523,30288
1524,30312
1525,30328
1526,30320
1527,30344
1528,30336
1529,30368
1530,30328
1531,30384
1532,30376
1533,30400
1534,30392
1535,30384
1536,30416
1537,30400
1538,30408
1539,30400
1540,30400
1541,30416
1542,30416
1543,30432
1544,30416
1545,30432
1546,30432
1547,30408
1548,30424
1549,30440
1550,30464
1551,30432
1552,30456
1553,30472
1554,30448
1555,30472
1556,30464
1557,30488
1558,30488
1559,30480
1560,30496
1561,30520
1562,30512
1563,30504
1564,30512
1565,30544
1566,30552
1567,30568
1568,30560
1569,30616
1570,30592
1571,30576
1572,30584
1573,30592
1574,30632
1575,30632
1576,30616
1577,30592
1578,30520
1579,30416
1580,30344
1581,30232
1582,30160
1583,30128
1584,30088
1585,30056
1586,30048
1587,30040
1588,30072
1589,30072
1590,30136
1591,30184
1592,30200
1593,30224
1594,30232
1595,30232
1596,30248
1597,30288
1598,30288
1599,30296
1600,30296
1601,30296
1602,30296
1603,30304
1604,30296
1605,30280
1606,30272
1607,30248
1608,30240
1609,30208
1610,30216
1611,30224
1612,30200
1613,30248
1614,30240
1615,30232
1616,30232
1617,30256
1618,30264
1619,30296
1620,30320
1621,30312
1622,30320
1623,30328
1624,30336
1625,30352
1626,30384
1627,30368
1628,30384
1629,30400
1630,30408
1631,30408
1632,30432
1633,30408
1634,30424
1635,30400
1636,30416
1637,30432
1638,30448
1639,30456
1640,30448
1641,30416
1642,30432
1643,30424
1644,30424
1645,30432
1646,30440
1647,30448
1648,30440
1649,30464
1650,30464
1651,30472
1652,30488
1653,30472
1654,30472
1655,30472
1656,30488
1657,30536
1658,30488
1659,30520
1660,30520
1661,30504
1662,30528
1663,30544
1664,30600
1665,30592
1666,30568
1667,30600
1668,30584
1669,30624
1670,30632
1671,30616
1672,30560
1673,30496
1674,30424
1675,30312
1676,30192
1677,30152
1678,30128
1679,30088
1680,30056
1681,30096
1682,30088
1683,30104
1684,30144
1685,30128
1686,30144
1687,30184
1688,30280
1689,30296
1690,30312
1691,30344
1692,30344
1693,30344
1694,30352
1695,30376
1696,30384
1697,30392
1698,30368
1699,30352
1700,30336
1701,30312
1702,30312
1703,30296
1704,30264
1705,30264
1706,30280
1707,30272
1708,30272
1709,30256
1710,30304
1711,30304
1712,30304
1713,30328
1714,30336
1715,30352
1716,30360
1717,30384
1718,30400
1719,30408
1720,30416
1721,30448
1722,30440
1723,30456
1724,30448
1725,30424
1726,30456
1727,30456
1728,30464
1729,30488
1730,30504
1731,30496
1732,30488
1733,30472
1734,30456
1735,30472
1736,30480
1737,30480
1738,30504
1739,30488
1740,30488
1741,30488
1742,30504
1743,30512
1744,30504
1745,30520
1746,30512
1747,30488
1748,30528
1749,30552
1750,30544
1751,30544
1752,30568
1753,30568
1754,30600
1755,30616
1756,30616
1757,30656
1758,30640
1759,30648
1760,30656
1761,30608
1762,30536
1763,30448
1764,30368
1765,30248
1766,30160
1767,30112
1768,30112
1769,30064
1770,30096
1771,30080
1772,30064
1773,30096
1774,30160
1775,30160
1776,30200
1777,30240
1778,30248
1779,30272
1780,30272
1781,30280
1782,30296
1783,30312
1784,30336
1785,30328
1786,30368
1787,30384
1788,30344
1789,30336
1790,30304
1791,30288
1792,30288
1793,30280
1794,30288
1795,30280
1796,30272
1797,30280
1798,30272
1799,30280
1800,30312
1801,30296
1802,30288
1803,30328
1804,30376
1805,30368
1806,30360
1807,30360
1808,30392
1809,30424
1810,30416
1811,30440
1812,30448
1813,30432
1814,30440
1815,30464
1816,30456
1817,30456
1818,30488
1819,30488
1820,30504
1821,30480
1822,30472
1823,30480
1824,30480
1825,30504
1826,30488
1827,30480
1828,30488
1829,30496
1830,30512
1831,30480
1832,30488
1833,30488
1834,30512
1835,30488
1836,30504
1837,30512
1838,30536
1839,30528
1840,30520
1841,30568
1842,30568
1843,30560
1844,30584
1845,30624
1846,30608
1847,30608
1848,30616
1849,30656
1850,30632
1851,30608
1852,30528
1853,30448
1854,30352
1855,30232
1856,30160
1857,30120
1858,30040
1859,30056
1860,30056
1861,30072
1862,30048
1863,30080
1864,30080
1865,30120
1866,30152
1867,30144
1868,30216
1869,30248
1870,30232
1871,30248
1872,30248
1873,30264
1874,30280
1875,30312
1876,30304
1877,30304
1878,30296
1879,30320
1880,30328
1881,30304
1882,30256
1883,30240
1884,30232
1885,30224
1886,30248
1887,30232
1888,30200
1889,30248
1890,30248
1891,30248
1892,30296
1893,30288
1894,30288
1895,30336
1896,30312
1897,30368
1898,30360
1899,30384
1900,30416
1901,30400
1902,30408
1903,30432
1904,30400
1905,30408
1906,30440
1907,30432
1908,30464
1909,30440
1910,30416
1911,30432
1912,30448
1913,30432
1914,30432
1915,30488
1916,30456
1917,30464
1918,30456
1919,30448
1920,30432
1921,30472
1922,30440
1923,30440
1924,30464
1925,30488
1926,30480
1927,30496
1928,30488
1929,30528
1930,30536
1931,30520
1932,30536
1933,30544
1934,30544
1935,30544
1936,30608
1937,30600
1938,30600
1939,30632
1940,30632
1941,30608
1942,30552
1943,30488
1944,30368
1945,30224
1946,30192
1947,30120
1948,30080
1949,30072
1950,30040
1951,30016
1952,30056
1953,30064
1954,30112
1955,30104
1956,30144
1957,30176
1958,30216
1959,30216
1960,30240
1961,30232
1962,30264
1963,30296
1964,30304
1965,30344
1966,30344
1967,30312
1968,30336
1969,30312
1970,30304
1971,30304
1972,30272
1973,30256
1974,30256
1975,30208
1976,30208
1977,30208
1978,30208
1979,30240
1980,30224
1981,30232
1982,30248
1983,30280
1984,30288
1985,30336
1986,30336
1987,30360
1988,30352
1989,30368
1990,30408
1991,30408
1992,30400
1993,30424
1994,30416
1995,30400
1996,30432
1997,30448
1998,30432
1999,30408
2000,30432
2001,30448
2002,30448
2003,30400
2004,30424
2005,30456
2006,30416
2007,30448
2008,30432
2009,30432
2010,30432
2011,30472
2012,30448
2013,30480
2014,30472
2015,30464
2016,30496
2017,30480
2018,30496
2019,30496
2020,30512
2021,30544
2022,30552
2023,30560
2024,30560
2025,30560
2026,30552
2027,30536
2028,30440
2029,30384
2030,30264
2031,30184
2032,30112
2033,30064
2034,30048
2035,30024
2036,30040
2037,30056
2038,30072
2039,30048
2040,30080
2041,30128
2042,30136
2043,30160
2044,30200
2045,30224
2046,30240
2047,30256
2048,30288
2049,30320
2050,30304
2051,30360
2052,30328
2053,30344
2054,30344
2055,30336
2056,30304
2057,30264
2058,30240
2059,30216
2060,30200
2061,30216
2062,30200
2063,30192
2064,30240
2065,30184
2066,30216
2067,30224
2068,30264
2069,30256
2070,30280
2071,30312
2072,30328
2073,30320
2074,30368
2075,30368
2076,30384
2077,30376
2078,30384
2079,30416
2080,30400
2081,30440
2082,30408
2083,30440
2084,30432
2085,30464
2086,30480
2087,30448
2088,30416
2089,30448
2090,30456
2091,30448
2092,30432
2093,30448
2094,30472
2095,30456
2096,30464
2097,30472
2098,30472
2099,30448
2100,30472
2101,30464
2102,30480
2103,30488
2104,30512
2105,30520
2106,30536
2107,30544
2108,30536
2109,30576
2110,30568
2111,30592
2112,30616
2113,30608
2114,30592
2115,30552
2116,30456
2117,30400
2118,30288
2119,30168
2120,30088
2121,30040
2122,30008
2123,30016
2124,29968
2125,29960
2126,29992
2127,29992
2128,30032
2129,30072
2130,30064
2131,30096
2132,30112
2133,30144
2134,30192
2135,30160
2136,30144
2137,30168
2138,30200
2139,30232
2140,30208
2141,30216
2142,30248
2143,30224
2144,30192
2145,30200
2146,30184
2147,30176
2148,30160
2149,30152
2150,30144
2151,30136
2152,30128
2153,30144
2154,30112
2155,30160
2156,30168
2157,30152
2158,30200
2159,30200
2160,30240
2161,30216
2162,30256
2163,30272
2164,30288
2165,30296
2166,30296
2167,30296
2168,30328
2169,30304
2170,30320
2171,30360
2172,30360
2173,30320
2174,30336
2175,30352
2176,30352
2177,30360
2178,30360
2179,30368
2180,30392
2181,30360
2182,30400
2183,30368
2184,30400
2185,30392
2186,30408
2187,30408
2188,30400
2189,30424
2190,30400
2191,30424
2192,30400
2193,30448
2194,30432
2195,30440
2196,30456
2197,30480
2198,30472
2199,30488
2200,30496
2201,30496
2202,30512
2203,30520
2204,30520
2205,30544
2206,30560
2207,30528
2208,30464
2209,30400
2210,30248
2211,30136
2212,30080
2213,30024
2214,29984
2215,29952
2216,29952
2217,29912
2218,29968
2219,29968
2220,30000
2221,30016
2222,30024
2223,30072
2224,30096
2225,30088
2226,30104
2227,30120
2228,30152
2229,30144
2230,30176
2231,30192
2232,30184
2233,30200
2234,30192
2235,30184
2236,30168
2237,30160
2238,30152
2239,30096
2240,30104
2241,30080
2242,30088
2243,30064
2244,30080
2245,30104
2246,30136
2247,30088
2248,30120
2249,30136
2250,30160
2251,30168
2252,30176
2253,30184
2254,30216
2255,30232
2256,30224
2257,30240
2258,30264
2259,30272
2260,30288
2261,30272
2262,30304
2263,30288
2264,30296
2265,30288
2266,30320
2267,30320
2268,30304
2269,30344
2270,30304
2271,30304
2272,30320
2273,30320
2274,30288
2275,30320
2276,30344
2277,30352
2278,30336
2279,30352
2280,30336
2281,30360
2282,30384
2283,30352
2284,30400
2285,30400
2286,30384
2287,30392
2288,30408
2289,30400
2290,30416
2291,30432
2292,30424
2293,30448
2294,30480
2295,30472
2296,30488
2297,30480
2298,30512
2299,30504
2300,30504
2301,30504
2302,30528
2303,30536
2304,30488
2305,30376
2306,30272
2307,30176
2308,30112
2309,30024
2310,30000
2311,29992
2312,29952
2313,29960
2314,29968
2315,29992
2316,30032
2317,30040
2318,30056
2319,30088
2320,30144
2321,30176
2322,30160
2323,30176
2324,30184
2325,30224
2326,30232
2327,30280
2328,30256
2329,30272
2330,30280
2331,30232
2332,30240
2333,30192
2334,30192
2335,30136
2336,30152
2337,30136
2338,30128
2339,30128
2340,30112
2341,30136
2342,30120
2343,30152
2344,30136
2345,30168
2346,30200
2347,30208
2348,30240
2349,30248
2350,30256
2351,30280
2352,30272
2353,30312
2354,30296
2355,30312
2356,30336
2357,30352
2358,30344
2359,30328
2360,30336
2361,30360
2362,30360
2363,30368
2364,30336
2365,30368
2366,30352
2367,30400
2368,30384
2369,30368
2370,30400
2371,30360
2372,30360
2373,30360
2374,30416
2375,30408
2376,30392
2377,30408
2378,30408
2379,30392
2380,30424
2381,30448
2382,30472
2383,30448
2384,30488
2385,30464
2386,30480
2387,30504
2388,30528
2389,30512
2390,30536
2391,30528
2392,30544
2393,30520
2394,30528
2395,30464
2396,30384
2397,30248
2398,30144
2399,30064
2400,30000
2401,29976
2402,29960
2403,29920
2404,29936
2405,29976
2406,29960
2407,29984
2408,30016
2409,30048
2410,30056
2411,30072
2412,30088
2413,30152
2414,30112
2415,30152
2416,30136
2417,30200
2418,30184
2419,30208
2420,30200
2421,30216
2422,30208
2423,30192
2424,30168
2425,30152
2426,30144
2427,30120
2428,30104
2429,30120
2430,30080
2431,30128
2432,30128
2433,30112
2434,30112
2435,30144
2436,30144
2437,30136
2438,30184
2439,30200
2440,30216
2441,30240
2442,30256
2443,30256
2444,30256
2445,30280
2446,30264
2447,30280
2448,30304
2449,30320
2450,30328
2451,30344
2452,30344
2453,30328
2454,30336
2455,30336
2456,30360
2457,30344
2458,30352
2459,30344
2460,30344
2461,30352
2462,30352
2463,30376
2464,30344
2465,30392
2466,30344
2467,30376
2468,30384
2469,30392
2470,30424
2471,30416
2472,30416
2473,30416
2474,30448
2475,30432
2476,30464
2477,30456
2478,30464
2479,30480
2480,30504
2481,30536
2482,30536
2483,30544
2484,30544
2485,30520
2486,30504
2487,30384
2488,30312
2489,30160
2490,30056
2491,30008
2492,29952
2493,29904
2494,29920
2495,29912
2496,29912
2497,29896
2498,29936
2499,29944
2500,29976
2501,30008
2502,30040
2503,30024
2504,30064
2505,30072
2506,30104
2507,30104
2508,30112
2509,30136
2510,30104
2511,30144
2512,30128
2513,30144
2514,30152
2515,30136
2516,30104
2517,30112
2518,30056
2519,30072
2520,30072
2521,30056
2522,30056
2523,30064
2524,30048
2525,30080
2526,30080
2527,30104
2528,30096
2529,30120
2530,30112
2531,30152
2532,30160
2533,30168
2534,30184
2535,30208
2536,30224
2537,30232
2538,30248
2539,30264
2540,30288
2541,30272
2542,30280
2543,30272
2544,30272
2545,30288
2546,30296
2547,30256
2548,30304
2549,30296
2550,30304
2551,30312
2552,30336
2553,30296
2554,30304
2555,30288
2556,30320
2557,30320
2558,30312
2559,30320
2560,30368
2561,30352
2562,30344
2563,30376
2564,30392
2565,30376
2566,30368
2567,30400
2568,30376
2569,30416
2570,30408
2571,30456
2572,30464
2573,30472
2574,30480
2575,30472
2576,30488
2577,30528
2578,30504
2579,30512
2580,30528
2581,30528
2582,30480
2583,30432
2584,30352
2585,30232
2586,30112
2587,30040
2588,29976
2589,29944
2590,29920
2591,29928
2592,29912
2593,29936
2594,29976
2595,29976
2596,30000
2597,30016
2598,30048
2599,30048
2600,30088
2601,30104
2602,30112
2603,30144
2604,30152
2605,30176
2606,30192
2607,30200
2608,30208
2609,30208
2610,30200
2611,30160
2612,30144
2613,30152
2614,30104
2615,30104
2616,30104
2617,30056
2618,30080
2619,30064
2620,30080
2621,30088
2622,30096
2623,30112
2624,30144
2625,30144
2626,30144
2627,30184
2628,30184
2629,30192
2630,30208
2631,30256
2632,30280
2633,30256
2634,30272
2635,30280
2636,30280
2637,30280
2638,30304
2639,30312
2640,30304
2641,30304
2642,30312
2643,30288
2644,30304
2645,30328
2646,30320
2647,30328
2648,30328
2649,30320
2650,30328
2651,30336
2652,30368
2653,30344
2654,30352
2655,30344
2656,30368
2657,30352
2658,30352
2659,30376
2660,30408
2661,30384
2662,30408
2663,30408
2664,30424
2665,30424
2666,30424
2667,30448
2668,30480
2669,30504
2670,30520
2671,30520
2672,30520
2673,30504
2674,30416
2675,30360
2676,30256
2677,30128
2678,30096
2679,30040
2680,30000
2681,29952
2682,29944
2683,29968
2684,29976
2685,29984
2686,30024
2687,30064
2688,30112
2689,30128
2690,30136
2691,30160
2692,30176
2693,30216
2694,30216
2695,30232
2696,30248
2697,30280
2698,30288
2699,30264
2700,30280
2701,30216
2702,30216
2703,30184
2704,30160
2705,30128
2706,30120
2707,30112
2708,30120
2709,30128
2710,30104
2711,30128
2712,30160
2713,30136
2714,30168
2715,30184
2716,30232
2717,30256
2718,30264
2719,30296
2720,30288
2721,30304
2722,30336
2723,30344
2724,30312
2725,30312
2726,30360
2727,30344
2728,30384
2729,30392
2730,30392
2731,30376
2732,30392
2733,30384
2734,30384
2735,30384
2736,30392
2737,30432
2738,30392
2739,30400
2740,30400
2741,30416
2742,30360
2743,30424
2744,30432
2745,30408
2746,30424
2747,30408
2748,30424
2749,30440
2750,30416
2751,30464
2752,30472
2753,30464
2754,30480
2755,30504
2756,30552
2757,30544
2758,30560
2759,30544
2760,30568
2761,30576
2762,30528
2763,30480
2764,30368
2765,30272
2766,29992
2767,29952
2768,29920
2769,29896
2770,29904
2771,29912
2772,29912
2773,29944
2774,29960
2775,29984
2776,30024
2777,30032
2778,30048
2779,30072
2780,30104
2781,30088
2782,30120
2783,30120
2784,30160
2785,30168
2786,30184
2787,30200
2788,30192
2789,30184
2790,30176
2791,30136
2792,30128
2793,30128
2794,30104
2795,30064
2796,30088
2797,30104
2798,30128
2799,30088
2800,30080
2801,30120
2802,30128
2803,30176
2804,30144
2805,30192
2806,30192
2807,30216
2808,30232
2809,30240
2810,30248
2811,30280
2812,30272
2813,30288
2814,30296
2815,30320
2816,30296
2817,30344
2818,30328
2819,30352
2820,30336
2821,30352
2822,30368
2823,30320
2824,30360
2825,30344
2826,30352
2827,30360
2828,30360
2829,30368
2830,30360
2831,30376
2832,30376
2833,30344
2834,30392
2835,30376
2836,30376
2837,30400
2838,30392
2839,30424
2840,30384
2841,30424
2842,30424
2843,30448
2844,30456
2845,30488
2846,30504
2847,30512
2848,30528
2849,30496
2850,30528
2851,30520
2852,30488
2853,30424
2854,30328
2855,30232
2856,30104
2857,30016
2858,29976
2859,29920
2860,29872
2861,29888
2862,29880
2863,29864
2864,29952
2865,29984
2866,29944
2867,30016
2868,30048
2869,30064
2870,30072
2871,30088
2872,30112
2873,30120
2874,30152
2875,30144
2876,30168
2877,30160
2878,30168
2879,30152
2880,30152
2881,30112
2882,30144
2883,30096
2884,30072
2885,30064
2886,30048
2887,30064
2888,30048
2889,30080
2890,30096
2891,30112
2892,30120
2893,30120
2894,30144
2895,30184
2896,30168
2897,30200
2898,30224
2899,30216
2900,30240
2901,30256
2902,30256
2903,30272
2904,30304
2905,30320
2906,30304
2907,30336
2908,30312
2909,30312
2910,30312
2911,30328
2912,30336
2913,30344
2914,30312
2915,30320
2916,30320
2917,30320
2918,30352
2919,30328
2920,30328
2921,30376
2922,30368
2923,30352
2924,30368
2925,30400
2926,30376
2927,30384
2928,30392
2929,30384
2930,30392
2931,30392
2932,30408
2933,30448
2934,30440
2935,30448
2936,30464
2937,30448
2938,30480
2939,30488
2940,30528
2941,30512
2942,30512
2943,30552
2944,30520
2945,30544
2946,30512
2947,30416
2948,30344
2949,30200
2950,30096
2951,30032
2952,29984
2953,29944
2954,29904
2955,29920
2956,29904
2957,29936
2958,29928
2959,29960
2960,29984
2961,30024
2962,30096
2963,30128
2964,30136
2965,30176
2966,30176
2967,30184
2968,30192
2969,30224
2970,30232
2971,30248
2972,30224
2973,30168
2974,30176
2975,30152
2976,30120
2977,30088
2978,30112
2979,30064
2980,30080
2981,30072
2982,30088
2983,30088
2984,30120
2985,30144
2986,30152
2987,30160
2988,30176
2989,30184
2990,30216
2991,30224
2992,30232
2993,30256
2994,30280
2995,30272
2996,30312
2997,30296
2998,30336
2999,30344
3000,30328
3001,30352
3002,30320
3003,30328
3004,30336
3005,30344
3006,30312
3007,30344
3008,30360
3009,30320
3010,30328
3011,30344
3012,30320
3013,30344
3014,30344
3015,30368
3016,30352
3017,30384
3018,30368
3019,30360
3020,30384
3021,30368
3022,30400
3023,30408
3024,30416
3025,30432
3026,30472
3027,30448
3028,30464
3029,30496
3030,30480
3031,30504
3032,30504
3033,30504
3034,30464
3035,30376
3036,30272
3037,30176
3038,30072
3039,30008
3040,29952
3041,29928
3042,29896
3043,29920
3044,29912
3045,29920
3046,29936
3047,29976
3048,30008
3049,30016
3050,30032
3051,30040
3052,30104
3053,30144
3054,30136
3055,30168
3056,30160
3057,30216
3058,30208
3059,30232
3060,30216
3061,30176
3062,30128
3063,30144
3064,30136
3065,30096
3066,30104
3067,30112
3068,30088
3069,30072
3070,30064
3071,30088
3072,30128
3073,30120
3074,30128
3075,30184
3076,30160
3077,30184
3078,30208
3079,30224
3080,30264
3081,30264
3082,30256
3083,30304
3084,30296
3085,30304
3086,30304
3087,30320
3088,30288
3089,30344
3090,30320
3091,30320
3092,30368
3093,30368
3094,30328
3095,30344
3096,30336
3097,30336
3098,30336
3099,30352
3100,30360
3101,30336
3102,30336
3103,30352
3104,30336
3105,30376
3106,30384
3107,30384
3108,30368
3109,30416
3110,30408
3111,30408
3112,30424
3113,30432
3114,30464
3115,30448
3116,30504
3117,30488
3118,30496
3119,30512
3120,30488
3121,30440
3122,30376
3123,30256
3124,30136
3125,30024
3126,29968
3127,29896
3128,29880
3129,29872
3130,29856
3131,29864
3132,29864
3133,29888
3134,29880
3135,29936
3136,29960
3137,29952
3138,29992
3139,30008
3140,30024
3141,30048
3142,30064
3143,30072
3144,30104
3145,30120
3146,30104
3147,30112
3148,30128
3149,30128
3150,30112
3151,30088
3152,30064
3153,30080
3154,30040
3155,30048
3156,30032
3157,30032
3158,30024
3159,30032
3160,30072
3161,30064
3162,30080
3163,30104
3164,30144
3165,30128
3166,30160
3167,30192
3168,30152
3169,30176
3170,30176
3171,30208
3172,30208
3173,30232
3174,30224
3175,30240
3176,30256
3177,30248
3178,30272
3179,30272
3180,30248
3181,30288
3182,30288
3183,30272
3184,30256
3185,30280
3186,30240
3187,30312
3188,30288
3189,30264
3190,30264
3191,30304
3192,30272
3193,30288
3194,30312
3195,30312
3196,30336
3197,30336
3198,30352
3199,30320
3200,30368
3201,30368
3202,30376
3203,30368
3204,30376
3205,30416
3206,30440
3207,30456
3208,30472
3209,30440
3210,30424
3211,30328
3212,30248
3213,30128
3214,30040
3215,29952
3216,29888
3217,29848
3218,29848
3219,29824
3220,29848
3221,29864
3222,29840
3223,29888
3224,29896
3225,29928
3226,29952
3227,29984
3228,30016
3229,30048
3230,30040
3231,30040
3232,30048
3233,30064
3234,30096
3235,30128
3236,30104
3237,30096
3238,30144
3239,30088
3240,30072
3241,30072
3242,30016
3243,30000
3244,30016
3245,29992
3246,30000
3247,29992
3248,30000
3249,30016
3250,30032
3251,30056
3252,30056
3253,30064
3254,30056
3255,30136
3256,30152
3257,30128
3258,30184
3259,30168
3260,30184
3261,30216
3262,30208
3263,30224
3264,30224
3265,30240
3266,30216
3267,30216
3268,30224
3269,30232
3270,30256
3271,30240
3272,30256
3273,30256
3274,30232
3275,30256
3276,30256
3277,30224
3278,30240
3279,30232
3280,30256
3281,30256
3282,30272
3283,30272
3284,30256
3285,30296
3286,30304
3287,30312
3288,30328
3289,30304
3290,30320
3291,30344
3292,30360
3293,30344
3294,30400
3295,30392
3296,30416
3297,30416
3298,30432
3299,30408
3300,30400
3301,30344
3302,30296
3303,30208
3304,30136
3305,30016
3306,29968
3307,29896
3308,29904
3309,29880
3310,29848
3311,29848
3312,29872
3313,29904
3314,29912
3315,29944
3316,29984
3317,30000
3318,30048
3319,30056
3320,30096
3321,30112
3322,30144
3323,30168
3324,30176
3325,30176
3326,30184
3327,30192
3328,30176
3329,30152
3330,30144
3331,30120
3332,30088
3333,30064
3334,30056
3335,30048
3336,30032
3337,30024
3338,30024
3339,30056
3340,30056
3341,30080
3342,30088
3343,30096
3344,30120
3345,30152
3346,30152
3347,30184
3348,30184
3349,30200
3350,30216
3351,30256
3352,30240
3353,30216
3354,30248
3355,30280
3356,30256
3357,30272
3358,30288
3359,30272
3360,30248
3361,30296
3362,30280
3363,30296
3364,30272
3365,30280
3366,30296
3367,30248
3368,30280
3369,30296
3370,30304
3371,30296
3372,30328
3373,30304
3374,30320
3375,30320
3376,30320
3377,30344
3378,30336
3379,30368
3380,30376
3381,30344
3382,30384
3383,30400
3384,30408
3385,30448
3386,30456
3387,30464
3388,30432
3389,30456
3390,30392
3391,30352
3392,30232
3393,30144
3394,30032
3395,29960
3396,29880
3397,29840
3398,29840
3399,29824
3400,29848
3401,29840
3402,29848
3403,29872
3404,29904
3405,29936
3406,29968
3407,29944
3408,30008
3409,30024
3410,30008
3411,30016
3412,30048
3413,30080
3414,30088
3415,30120
3416,30104
3417,30096
3418,30072
3419,30080
3420,30048
3421,30032
3422,30032
3423,30000
3424,29992
3425,29984
3426,29992
3427,30000
3428,29984
3429,30008
3430,30008
3431,30040
3432,30056
3433,30016
3434,30080
3435,30080
3436,30088
3437,30128
3438,30120
3439,30144
3440,30176
3441,30176
3442,30184
3443,30200
3444,30176
3445,30200
3446,30176
3447,30192
3448,30208
3449,30216
3450,30232
3451,30232
3452,30240
3453,30248
3454,30224
3455,30240
3456,30264
3457,30240
3458,30248
3459,30232
3460,30280
3461,30240
3462,30272
3463,30264
3464,30256
3465,30248
3466,30280
3467,30288
3468,30304
3469,30328
3470,30328
3471,30328
3472,30336
3473,30352
3474,30384
3475,30384
3476,30384
3477,30384
3478,30416
3479,30392
3480,30384
3481,30376
3482,30328
3483,30216
3484,30136
3485,29984
3486,29952
3487,29864
3488,29832
3489,29776
3490,29776
3491,29792
3492,29800
3493,29816
3494,29832
3495,29840
3496,29848
3497,29880
3498,29920
3499,29920
3500,29928
3501,29952
3502,29960
3503,29976
3504,29984
3505,30000
3506,30008
3507,30040
3508,30008
3509,30024
3510,30008
3511,30008
3512,29952
3513,30000
3514,29968
3515,29928
3516,29944
3517,29928
3518,29944
3519,29928
3520,29960
3521,29960
3522,29952
3523,29976
3524,30000
3525,30008
3526,30000
3527,29992
3528,30040
3529,30040
3530,30056
3531,30064
3532,30104
3533,30104
3534,30104
3535,30112
3536,30120
3537,30112
3538,30168
3539,30184
3540,30144
3541,30152
3542,30184
3543,30152
3544,30144
3545,30176
3546,30168
3547,30168
3548,30168
3549,30152
3550,30184
3551,30192
3552,30168
3553,30192
3554,30224
3555,30208
3556,30248
3557,30224
3558,30208
3559,30232
3560,30240
3561,30256
3562,30248
3563,30288
3564,30280
3565,30272
3566,30264
3567,30304
3568,30328
3569,30320
3570,30344
3571,30320
3572,30352
3573,30352
3574,30384
3575,30376
3576,30384
3577,30360
3578,30312
3579,30192
3580,30112
3581,29976
3582,29920
3583,29848
3584,29824
3585,29776
3586,29784
3587,29776
3588,29784
3589,29784
3590,29776
3591,29840
3592,29856
3593,29896
3594,29888
3595,29904
3596,29968
3597,29952
3598,29976
3599,29992
3600,30016
3601,29984
3602,30024
3603,30032
3604,30032
3605,30024
3606,30016
3607,29968
3608,29944
3609,29960
3610,29928
3611,29920
3612,29912
3613,29912
3614,29912
3615,29920
3616,29904
3617,29936
3618,29960
3619,29976
3620,29960
3621,29992
3622,30024
3623,30000
3624,30032
3625,30040
3626,30040
3627,30064
3628,30080
3629,30096
3630,30104
3631,30080
3632,30104
3633,30128
3634,30120
3635,30128
3636,30096
3637,30128
3638,30128
3639,30136
3640,30136
3641,30120
3642,30120
3643,30136
3644,30152
3645,30144
3646,30112
3647,30128
3648,30160
3649,30184
3650,30184
3651,30184
3652,30176
3653,30192
3654,30216
3655,30192
3656,30208
3657,30208
3658,30240
3659,30256
3660,30256
3661,30256
3662,30256
3663,30288
3664,30280
3665,30320
3666,30328
3667,30320
3668,30344
3669,30352
3670,30368
3671,30352
3672,30376
3673,30360
3674,30328
3675,30256
3676,30224
3677,30096
3678,29968
3679,29920
3680,29848
3681,29816
3682,29816
3683,29800
3684,29792
3685,29792
3686,29792
3687,29832
3688,29856
3689,29888
3690,29920
3691,29920
3692,29960
3693,29968
3694,29984
3695,30000
3696,30048
3697,30056
3698,30056
3699,30096
3700,30080
3701,30088
3702,30080
3703,30056
3704,30032
3705,30016
3706,29976
3707,29976
3708,29944
3709,29960
3710,29944
3711,29968
3712,29984
3713,29968
3714,29968
3715,30008
3716,30008
3717,30024
3718,30032
3719,30056
3720,30072
3721,30112
3722,30088
3723,30112
3724,30088
3725,30128
3726,30144
3727,30160
3728,30152
3729,30152
3730,30152
3731,30152
3732,30176
3733,30168
3734,30184
3735,30176
3736,30192
3737,30184
3738,30184
3739,30208
3740,30168
3741,30192
3742,30192
3743,30200
3744,30208
3745,30216
3746,30232
3747,30224
3748,30240
3749,30216
3750,30240
3751,30256
3752,30280
3753,30288
3754,30280
3755,30304
3756,30312
3757,30312
3758,30328
3759,30336
3760,30344
3761,30336
3762,30376
3763,30368
3764,30392
3765,30400
3766,30392
3767,30392
3768,30392
3769,30384
3770,30312
3771,30216
3772,30128
3773,30000
3774,29928
3775,29888
3776,29800
3777,29784
3778,29776
3779,29752
3780,29776
3781,29784
3782,29816
3783,29832
3784,29848
3785,29856
3786,29848
3787,29888
3788,29928
3789,29928
3790,29928
3791,29928
3792,29936
3793,29968
3794,29952
3795,30008
3796,29968
3797,29992
3798,29952
3799,29976
3800,29960
3801,29928
3802,29912
3803,29920
3804,29888
3805,29904
3806,29888
3807,29848
3808,29904
3809,29904
3810,29960
3811,29936
3812,29968
3813,29992
3814,29992
3815,29992
3816,30016
3817,30024
3818,30032
3819,30048
3820,30072
3821,30112
3822,30120
3823,30096
3824,30112
3825,30104
3826,30104
3827,30128
3828,30120
3829,30128
3830,30112
3831,30136
3832,30160
3833,30152
3834,30136
3835,30144
3836,30144
3837,30160
3838,30136
3839,30160
3840,30168
3841,30144
3842,30144
3843,30192
3844,30200
3845,30192
3846,30208
3847,30224
3848,30248
3849,30216
3850,30256
3851,30264
3852,30264
3853,30288
3854,30272
3855,30312
3856,30320
3857,30304
3858,30328
3859,30336
3860,30368
3861,30368
3862,30344
3863,30344
3864,30336
3865,30264
3866,30176
3867,30096
3868,30000
3869,29888
3870,29840
3871,29800
3872,29776
3873,29744
3874,29720
3875,29752
3876,29768
3877,29784
3878,29800
3879,29824
3880,29840
3881,29864
3882,29872
3883,29904
3884,29928
3885,29912
3886,29936
3887,29936
3888,29960
3889,29984
3890,29976
3891,29992
3892,30000
3893,30000
3894,29976
3895,29952
3896,29896
3897,29904
3898,29888
3899,29904
3900,29920
3901,29904
3902,29856
3903,29912
3904,29896
3905,29944
3906,29944
3907,29976
3908,29952
3909,29968
3910,29976
3911,29968
3912,30032
3913,30032
3914,30064
3915,30056
3916,30080
3917,30080
3918,30088
3919,30104
3920,30096
3921,30112
3922,30104
3923,30096
3924,30096
3925,30120
3926,30112
3927,30120
3928,30112
3929,30112
3930,30128
3931,30128
3932,30128
3933,30160
3934,30144
3935,30152
3936,30128
3937,30136
3938,30128
3939,30168
3940,30136
3941,30152
3942,30184
3943,30208
3944,30208
3945,30200
3946,30208
3947,30192
3948,30232
3949,30256
3950,30248
3951,30272
3952,30296
3953,30296
3954,30296
3955,30312
3956,30304
3957,30320
3958,30336
3959,30328
3960,30328
3961,30256
3962,30216
3963,30144
3964,30024
3965,29928
3966,29840
3967,29816
3968,29776
3969,29768
3970,29776
3971,29792
3972,29784
3973,29824
3974,29832
3975,29864
3976,29896
3977,29904
3978,29952
3979,29936
3980,29992
3981,29992
3982,30016
3983,30048
3984,30088
3985,30072
3986,30088
3987,30072
3988,30072
3989,30032
3990,30032
3991,30000
3992,29968
3993,29968
3994,29928
3995,29936
3996,29944
3997,29960
3998,29960
3999,29968
4000,29944
4001,29944
4002,29992
4003,29976
4004,30016
4005,30024
4006,30024
4007,30048
4008,30064
4009,30096
4010,30080
4011,30120
4012,30144
4013,30120
4014,30120
4015,30160
4016,30176
4017,30144
4018,30160
4019,30168
4020,30160
4021,30192
4022,30168
4023,30168
4024,30192
4025,30200
4026,30200
4027,30160
4028,30184
4029,30192
4030,30168
4031,30200
4032,30184
4033,30192
4034,30200
4035,30208
4036,30216
4037,30224
4038,30240
4039,30224
4040,30272
4041,30248
4042,30296
4043,30280
4044,30312
4045,30312
4046,30344
4047,30336
4048,30328
4049,30352
4050,30360
4051,30344
4052,30272
4053,30216
4054,30096
4055,29968
4056,29888
4057,29840
4058,29800
4059,29768
4060,29744
4061,29752
4062,29744
4063,29768
4064,29792
4065,29808
4066,29832
4067,29864
4068,29880
4069,29904
4070,29936
4071,29944
4072,29960
4073,29944
4074,29960
4075,30000
4076,30016
4077,30016
4078,30040
4079,30048
4080,30016
4081,29984
4082,29944
4083,29944
4084,29928
4085,29920
4086,29944
4087,29912
4088,29920
4089,29888
4090,29912
4091,29936
4092,29936
4093,29952
4094,29960
4095,29992
4096,30008
4097,30024
4098,30032
4099,30064
4100,30064
4101,30072
4102,30096
4103,30088
4104,30096
4105,30104
4106,30144
4107,30104
4108,30136
4109,30128
4110,30128
4111,30160
4112,30128
4113,30144
4114,30152
4115,30168
4116,30136
4117,30144
4118,30136
4119,30136
4120,30176
4121,30136
4122,30176
4123,30160
4124,30168
4125,30192
4126,30216
4127,30168
4128,30176
4129,30192
4130,30168
4131,30200
4132,30232
4133,30248
4134,30256
4135,30232
4136,30240
4137,30280
4138,30288
4139,30336
4140,30304
4141,30304
4142,30248
4143,30192
4144,30064
4145,30000
4146,29856
4147,29808
4148,29744
4149,29736
4150,29728
4151,29720
4152,29712
4153,29704
4154,29712
4155,29720
4156,29784
4157,29808
4158,29808
4159,29832
4160,29888
4161,29864
4162,29880
4163,29912
4164,29896
4165,29904
4166,29928
4167,29936
4168,29928
4169,29920
4170,29952
4171,29896
4172,29936
4173,29904
4174,29864
4175,29864
4176,29856
4177,29880
4178,29856
4179,29840
4180,29872
4181,29880
4182,29888
4183,29880
4184,29928
4185,29928
4186,29936
4187,29968
4188,29968
4189,29976
4190,30000
4191,29992
4192,30000
4193,30032
4194,30016
4195,30056
4196,30032
4197,30064
4198,30072
4199,30048
4200,30056
4201,30088
4202,30064
4203,30080
4204,30112
4205,30096
4206,30136
4207,30080
4208,30096
4209,30112
4210,30128
4211,30104
4212,30096
4213,30096
4214,30096
4215,30104
4216,30112
4217,30160
4218,30152
4219,30136
4220,30152
4221,30152
4222,30160
4223,30152
4224,30176
4225,30192
4226,30208
4227,30232
4228,30232
4229,30240
4230,30232
4231,30272
4232,30304
4233,30296
4234,30288
4235,30304
4236,30160
4237,30080
4238,29960
4239,29848
4240,29800
4241,29744
4242,29736
4243,29696
4244,29696
4245,29680
4246,29688
4247,29720
4248,29744
4249,29792
4250,29784
4251,29816
4252,29824
4253,29864
4254,29856
4255,29904
4256,29872
4257,29936
4258,29912
4259,29944
4260,29984
4261,29952
4262,29976
4263,29960
4264,29952
4265,29912
4266,29872
4267,29848
4268,29840
4269,29864
4270,29832
4271,29856
4272,29832
4273,29832
4274,29880
4275,29864
4276,29888
4277,29896
4278,29880
4279,29952
4280,29936
4281,29936
4282,29968
4283,29976
4284,29984
4285,30016
4286,30000
4287,30016
4288,30016
4289,30032
4290,30048
4291,30064
4292,30056
4293,30056
4294,30056
4295,30056
4296,30056
4297,30080
4298,30104
4299,30096
4300,30048
4301,30088
4302,30056
4303,30072
4304,30064
4305,30088
4306,30096
4307,30096
4308,30096
4309,30104
4310,30104
4311,30112
4312,30096
4313,30112
4314,30152
4315,30144
4316,30152
4317,30168
4318,30152
4319,30208
4320,30200
4321,30192
4322,30232
4323,30224
4324,30256
4325,30224
4326,30248
4327,30248
4328,30224
4329,30152
4330,30064
4331,29960
4332,29864
4333,29792
4334,29704
4335,29688
4336,29720
4337,29712
4338,29760
4339,29760
4340,29784
4341,29792
4342,29816
4343,29856
4344,29872
4345,29896
4346,29936
4347,29936
4348,29960
4349,29992
4350,30000
4351,29976
4352,30000
4353,30008
4354,29992
4355,29968
4356,29944
4357,29912
4358,29912
4359,29880
4360,29888
4361,29856
4362,29856
4363,29872
4364,29856
4365,29888
4366,29896
4367,29920
4368,29920
4369,29928
4370,29936
4371,29984
4372,29960
4373,29992
4374,29992
4375,30024
4376,30048
4377,30024
4378,30056
4379,30040
4380,30072
4381,30080
4382,30080
4383,30104
4384,30096
4385,30120
4386,30096
4387,30112
4388,30112
4389,30128
4390,30128
4391,30112
4392,30096
4393,30136
4394,30136
4395,30152
4396,30136
4397,30128
4398,30136
4399,30168
4400,30136
4401,30136
4402,30160
4403,30168
4404,30168
4405,30176
4406,30192
4407,30200
4408,30208
4409,30208
4410,30232
4411,30248
4412,30272
4413,30296
4414,30272
4415,30272
4416,30288
4417,30312
4418,30288
4419,30232
4420,30120
4421,30032
4422,29920
4423,29784
4424,29760
4425,29688
4426,29688
4427,29680
4428,29656
4429,29632
4430,29664
4431,29688
4432,29776
4433,29776
4434,29784
4435,29840
4436,29840
4437,29872
4438,29864
4439,29896
4440,29872
4441,29904
4442,29928
4443,29896
4444,29920
4445,29912
4446,29912
4447,29864
4448,29856
4449,29872
4450,29832
4451,29840
4452,29848
4453,29824
4454,29824
4455,29832
4456,29848
4457,29840
4458,29840
4459,29880
4460,29856
4461,29920
4462,29912
4463,29904
4464,29952
4465,29952
4466,29976
4467,29984
4468,29984
4469,30000
4470,30008
4471,29992
4472,30024
4473,30048
4474,30056
4475,30056
4476,30024
4477,30016
4478,30056
4479,30048
4480,30080
4481,30072
4482,30072
4483,30056
4484,30104
4485,30096
4486,30088
4487,30072
4488,30088
4489,30128
4490,30096
4491,30120
4492,30080
4493,30120
4494,30120
4495,30136
4496,30152
4497,30136
4498,30184
4499,30152
4500,30184
4501,30184
4502,30216
4503,30208
4504,30208
4505,30240
4506,30264
4507,30224
4508,30248
4509,30168
4510,30080
4511,30000
4512,29840
4513,29792
4514,29720
4515,29648
4516,29672
4517,29648
4518,29632
4519,29664
4520,29656
4521,29688
4522,29688
4523,29712
4524,29744
4525,29760
4526,29792
4527,29816
4528,29816
4529,29856
4530,29872
4531,29864
4532,29920
4533,29928
4534,29904
4535,29896
4536,29864
4537,29840
4538,29824
4539,29816
4540,29808
4541,29808
4542,29816
4543,29792
4544,29784
4545,29792
4546,29848
4547,29840
4548,29856
4549,29872
4550,29880
4551,29912
4552,29928
4553,29960
4554,29936
4555,29952
4556,29960
4557,29976
4558,30008
4559,30016
4560,29992
4561,30000
4562,30008
4563,30016
4564,30032
4565,30032
4566,30008
4567,30016
4568,30040
4569,30032
4570,30040
4571,30016
4572,30016
4573,30000
4574,30048
4575,30016
4576,30048
4577,30040
4578,30056
4579,30048
4580,30064
4581,30064
4582,30072
4583,30048
4584,30096
4585,30088
4586,30112
4587,30136
4588,30128
4589,30128
4590,30160
4591,30152
4592,30184
4593,30176
4594,30200
4595,30208
4596,30248
4597,30232
4598,30200
4599,30144
4600,30064
4601,29960
4602,29848
4603,29784
4604,29736
4605,29696
4606,29672
4607,29696
4608,29656
4609,29664
4610,29664
4611,29680
4612,29688
4613,29768
4614,29784
4615,29784
4616,29864
4617,29864
4618,29888
4619,29920
4620,29928
4621,29944
4622,29952
4623,29976
4624,29960
4625,29968
4626,29952
4627,29928
4628,29856
4629,29864
4630,29816
4631,29832
4632,29824
4633,29816
4634,29848
4635,29816
4636,29864
4637,29872
4638,29872
4639,29888
4640,29904
4641,29928
4642,29944
4643,29952
4644,29960
4645,30000
4646,29984
4647,30024
4648,30016
4649,30024
4650,30032
4651,30016
4652,30040
4653,30040
4654,30032
4655,30040
4656,30032
4657,30032
4658,30048
4659,30040
4660,30056
4661,30064
4662,30064
4663,30056
4664,30080
4665,30048
4666,30048
4667,30064
4668,30096
4669,30080
4670,30104
4671,30128
4672,30104
4673,30112
4674,30112
4675,30112
4676,30120
4677,30128
4678,30152
4679,30168
4680,30168
4681,30184
4682,30176
4683,30184
4684,30224
4685,30184
4686,30224
4687,30184
4688,30128
4689,30056
4690,29920
4691,29800
4692,29720
4693,29704
4694,29640
4695,29608
4696,29568
4697,29608
4698,29600
4699,29600
4700,29624
4701,29680
4702,29656
4703,29672
4704,29720
4705,29744
4706,29768
4707,29776
4708,29792
4709,29760
4710,29816
4711,29824
4712,29816
4713,29848
4714,29832
4715,29816
4716,29800
4717,29832
4718,29768
4719,29776
4720,29760
4721,29752
4722,29752
4723,29768
4724,29720
4725,29736
4726,29760
4727,29776
4728,29800
4729,29824
4730,29816
4731,29864
4732,29856
4733,29848
4734,29864
4735,29872
4736,29864
4737,29896
4738,29904
4739,29944
4740,29912
4741,29928
4742,29920
4743,29928
4744,29912
4745,29936
4746,29944
4747,29952
4748,29936
4749,29936
4750,29944
4751,29944
4752,29952
4753,29912
4754,29944
4755,29976
4756,29984
4757,29952
4758,29968
4759,29984
4760,29960
4761,30000
4762,29992
4763,30000
4764,30024
4765,29992
4766,30016
4767,30032
4768,30024
4769,30056
4770,30048
4771,30088
4772,30080
4773,30136
4774,30136
4775,30144
4776,30120
4777,30128
4778,30136
4779,30104
4780,30016
4781,29928
4782,29840
4783,29736
4784,29632
4785,29576
4786,29576
4787,29528
4788,29520
4789,29504
4790,29504
4791,29568
4792,29568
4793,29584
4794,29632
4795,29624
4796,29632
4797,29648
4798,29672
4799,29680
4800,29720
4801,29704
4802,29704
4803,29736
4804,29760
4805,29752
4806,29752
4807,29736
4808,29728
4809,29712
4810,29720
4811,29680
4812,29680
4813,29664
4814,29688
4815,29672
4816,29648
4817,29664
4818,29688
4819,29696
4820,29680
4821,29704
4822,29752
4823,29744
4824,29800
4825,29800
4826,29800
4827,29824
4828,29816
4829,29832
4830,29832
4831,29848
4832,29856
4833,29864
4834,29832
4835,29848
4836,29880
4837,29872
4838,29880
4839,29880
4840,29880
4841,29880
4842,29872
4843,29904
4844,29888
4845,29856
4846,29904
4847,29912
4848,29872
4849,29912
4850,29928
4851,29904
4852,29928
4853,29912
4854,29968
4855,29960
4856,29984
4857,29960
4858,29984
4859,29960
4860,29984
4861,30016
4862,30016
4863,29992
4864,29992
4865,29984
4866,30024
4867,30024
4868,30032
4869,30048
4870,30048
4871,30064
4872,30080
4873,30088
4874,30088
4875,30096
4876,30096
4877,30088
4878,30088
4879,30032
4880,29952
4881,29840
4882,29760
4883,29680
4884,29624
4885,29552
4886,29544
4887,29536
4888,29528
4889,29512
4890,29536
4891,29568
4892,29592
4893,29632
4894,29640
4895,29680
4896,29688
4897,29688
4898,29728
4899,29728
4900,29752
4901,29760
4902,29776
4903,29776
4904,29824
4905,29784
4906,29768
4907,29768
4908,29752
4909,29728
4910,29696
4911,29656
4912,29688
4913,29656
4914,29656
4915,29696
4916,29696
4917,29680
4918,29696
4919,29720
4920,29728
4921,29736
4922,29776
4923,29808
4924,29800
4925,29824
4926,29848
4927,29848
4928,29848
4929,29872
4930,29872
4931,29864
4932,29888
4933,29872
4934,29880
4935,29864
4936,29896
4937,29912
4938,29880
4939,29864
4940,29896
4941,29880
4942,29888
4943,29912
4944,29896
4945,29920
4946,29880
4947,29920
4948,29920
4949,29928
4950,29904
4951,29912
4952,29936
4953,29952
4954,29960
4955,29968
4956,29952
4957,30000
4958,30008
4959,30016
4960,30008
4961,30008
4962,30024
4963,30032
4964,30024
4965,30000
4966,30008
4967,30064
4968,30056
4969,30040
4970,30072
4971,30072
4972,30104
4973,30112
4974,30112
4975,30120
4976,30104
4977,30064
4978,30024
4979,29920
4980,29824
4981,29736
4982,29640
4983,29584
4984,29560
4985,29544
4986,29520
4987,29544
4988,29504
4989,29552
4990,29544
4991,29584
4992,29600
4993,29656
4994,29656
4995,29664
4996,29680
4997,29712
4998,29704
4999,29728
5000,29736
5001,29720
5002,29744
5003,29760
5004,29752
5005,29744
5006,29744
5007,29728
5008,29728
5009,29704
5010,29672
5011,29664
5012,29640
5013,29680
5014,29656
5015,29640
5016,29656
5017,29680
5018,29688
5019,29712
5020,29744
5021,29760
5022,29792
5023,29800
5024,29832
5025,29840
5026,29856
5027,29840
5028,29856
5029,29856
5030,29872
5031,29880
5032,29896
5033,29880
5034,29872
5035,29896
5036,29880
5037,29880
5038,29864
5039,29888
5040,29864
5041,29888
5042,29872
5043,29872
5044,29928
5045,29888
5046,29888
5047,29920
5048,29952
5049,29928
5050,29968
5051,29944
5052,29944
5053,29952
5054,29976
5055,30008
5056,29968
5057,30016
5058,29992
5059,30008
5060,30024
5061,30000
5062,30040
5063,30064
5064,30040
5065,30048
5066,30048
5067,30088
5068,30096
5069,30072
5070,30104
5071,30120
5072,30120
5073,30136
5074,30136
5075,30128
5076,30112
5077,30048
5078,29936
5079,29832
5080,29712
5081,29632
5082,29584
5083,29544
5084,29488
5085,29504
5086,29472
5087,29480
5088,29488
5089,29528
5090,29536
5091,29544
5092,29568
5093,29608
5094,29608
5095,29648
5096,29632
5097,29648
5098,29648
5099,29632
5100,29696
5101,29704
5102,29704
5103,29696
5104,29728
5105,29688
5106,29696
5107,29672
5108,29672
5109,29664
5110,29632
5111,29640
5112,29632
5113,29632
5114,29624
5115,29648
5116,29640
5117,29648
5118,29704
5119,29720
5120,29728
5121,29752
5122,29736
5123,29800
5124,29776
5125,29808
5126,29768
5127,29848
5128,29848
5129,29848
5130,29808
5131,29832
5132,29832
5133,29856
5134,29848
5135,29872
5136,29864
5137,29864
5138,29840
5139,29872
5140,29888
5141,29888
5142,29896
5143,29888
5144,29880
5145,29864
5146,29888
5147,29888
5148,29880
5149,29936
5150,29904
5151,29920
5152,29912
5153,29944
5154,29944
5155,29976
5156,29984
5157,30000
5158,30000
5159,30000
5160,30024
5161,30024
5162,30032
5163,30024
5164,30024
5165,30032
5166,30040
5167,30064
5168,30056
5169,30064
5170,30064
5171,30104
5172,30080
5173,30112
5174,30112
5175,30112
5176,30144
5177,30144
5178,30112
5179,30136
5180,30152
5181,30096
5182,30024
5183,29928
5184,29792
5185,29704
5186,29624
5187,29592
5188,29544
5189,29536
5190,29520
5191,29528
5192,29520
5193,29520
5194,29584
5195,29592
5196,29632
5197,29632
5198,29656
5199,29720
5200,29680
5201,29720
5202,29736
5203,29744
5204,29760
5205,29784
5206,29792
5207,29768
5208,29784
5209,29784
5210,29768
5211,29760
5212,29744
5213,29712
5214,29656
5215,29672
5216,29688
5217,29696
5218,29688
5219,29712
5220,29720
5221,29728
5222,29736
5223,29752
5224,29792
5225,29792
5226,29816
5227,29824
5228,29816
5229,29840
5230,29856
5231,29888
5232,29864
5233,29888
5234,29864
5235,29912
5236,29888
5237,29928
5238,29912
5239,29920
5240,29872
5241,29928
5242,29912
5243,29904
5244,29904
5245,29936
5246,29912
5247,29928
5248,29920
5249,29952
5250,29920
5251,29952
5252,29952
5253,29936
5254,29960
5255,29944
5256,29984
5257,29992
5258,29992
5259,30008
5260,30008
5261,30016
5262,30032
5263,30024
5264,30064
5265,30048
5266,30024
5267,30064
5268,30088
5269,30080
5270,30072
5271,30104
5272,30096
5273,30120
5274,30128
5275,30152
5276,30160
5277,30160
5278,30136
5279,30152
5280,30152
5281,30088
5282,30008
5283,29920
5284,29800
5285,29704
5286,29648
5287,29616
5288,29576
5289,29568
5290,29552
5291,29560
5292,29584
5293,29624
5294,29632
5295,29648
5296,29672
5297,29712
5298,29704
5299,29720
5300,29792
5301,29784
5302,29784
5303,29824
5304,29824
5305,29864
5306,29880
5307,29872
5308,29872
5309,29840
5310,29832
5311,29824
5312,29784
5313,29776
5314,29760
5315,29728
5316,29744
5317,29744
5318,29752
5319,29776
5320,29784
5321,29800
5322,29792
5323,29824
5324,29824
5325,29872
5326,29904
5327,29888
5328,29912
5329,29952
5330,29952
5331,29936
5332,29944
5333,29976
5334,29968
5335,29976
5336,29984
5337,30008
5338,29960
5339,30000
5340,30008
5341,29992
5342,29992
5343,30024
5344,30008
5345,30008
5346,30008
5347,30032
5348,30056
5349,30040
5350,30040
5351,30048
5352,30072
5353,30040
5354,30048
5355,30056
5356,30072
5357,30080
5358,30080
5359,30088
5360,30128
5361,30096
5362,30120
5363,30112
5364,30120
5365,30168
5366,30160
5367,30208
5368,30152
5369,30192
5370,30184
5371,30216
5372,30200
5373,30216
5374,30264
5375,30232
5376,30224
5377,30112
5378,30024
5379,29928
5380,29800
5381,29720
5382,29648
5383,29608
5384,29568
5385,29576
5386,29584
5387,29576
5388,29552
5389,29592
5390,29640
5391,29640
5392,29680
5393,29680
5394,29680
5395,29720
5396,29760
5397,29752
5398,29752
5399,29784
5400,29800
5401,29808
5402,29832
5403,29824
5404,29848
5405,29800
5406,29816
5407,29792
5408,29776
5409,29792
5410,29736
5411,29728
5412,29728
5413,29752
5414,29752
5415,29768
5416,29792
5417,29800
5418,29816
5419,29832
5420,29800
5421,29848
5422,29856
5423,29864
5424,29904
5425,29928
5426,29920
5427,29912
5428,29928
5429,29968
5430,29936
5431,29976
5432,29992
5433,29952
5434,29968
5435,29992
5436,29984
5437,30008
5438,29992
5439,29992
5440,30000
5441,30016
5442,29984
5443,30016
5444,29992
5445,29992
5446,29992
5447,30032
5448,30024
5449,30056
5450,30040
5451,30056
5452,30056
5453,30048
5454,30088
5455,30072
5456,30104
5457,30104
5458,30096
5459,30104
5460,30128
5461,30128
5462,30112
5463,30136
5464,30176
5465,30192
5466,30192
5467,30208
5468,30224
5469,30200
5470,30208
5471,30184
5472,30136
5473,30080
5474,29968
5475,29856
5476,29776
5477,29688
5478,29648
5479,29592
5480,29568
5481,29560
5482,29584
5483,29576
5484,29592
5485,29632
5486,29656
5487,29664
5488,29704
5489,29744
5490,29784
5491,29752
5492,29776
5493,29792
5494,29840
5495,29824
5496,29872
5497,29864
5498,29856
5499,29864
5500,29872
5501,29840
5502,29808
5503,29792
5504,29784
5505,29784
5506,29744
5507,29712
5508,29752
5509,29776
5510,29760
5511,29784
5512,29800
5513,29848
5514,29816
5515,29864
5516,29848
5517,29872
5518,29880
5519,29912
5520,29904
5521,29960
5522,29944
5523,29960
5524,29960
5525,29984
5526,29960
5527,29984
5528,30000
5529,29992
5530,30016
5531,29968
5532,29992
5533,29984
5534,30016
5535,29984
5536,29992
5537,30000
5538,30000
5539,29992
5540,29984
5541,30000
5542,29992
5543,30024
5544,30024
5545,30032
5546,30056
5547,30056
5548,30064
5549,30088
5550,30088
5551,30096
5552,30136
5553,30136
5554,30168
5555,30136
5556,30176
5557,30160
5558,30200
5559,30208
5560,30184
5561,30160
5562,30072
5563,29992
5564,29896
5565,29800
5566,29704
5567,29648
5568,29640
5569,29600
5570,29600
5571,29608
5572,29592
5573,29640
5574,29664
5575,29656
5576,29704
5577,29744
5578,29760
5579,29776
5580,29816
5581,29840
5582,29888
5583,29880
5584,29904
5585,29904
5586,29944
5587,29952
5588,29920
5589,29912
5590,29904
5591,29872
5592,29856
5593,29848
5594,29840
5595,29784
5596,29784
5597,29784
5598,29800
5599,29792
5600,29808
5601,29816
5602,29824
5603,29856
5604,29856
5605,29856
5606,29928
5607,29904
5608,29968
5609,29976
5610,29984
5611,30000
5612,30016
5613,30032
5614,30040
5615,30040
5616,30064
5617,30048
5618,30064
5619,30072
5620,30064
5621,30048
5622,30040
5623,30072
5624,30056
5625,30056
5626,30072
5627,30056
5628,30064
5629,30072
5630,30104
5631,30064
5632,30072
5633,30072
5634,30120
5635,30072
5636,30128
5637,30104
5638,30136
5639,30144
5640,30168
5641,30152
5642,30192
5643,30192
5644,30216
5645,30224
5646,30216
5647,30224
5648,30176
5649,30152
5650,30064
5651,29944
5652,29848
5653,29736
5654,29680
5655,29624
5656,29600
5657,29560
5658,29552
5659,29576
5660,29608
5661,29608
5662,29632
5663,29632
5664,29704
5665,29736
5666,29704
5667,29752
5668,29760
5669,29792
5670,29800
5671,29808
5672,29832
5673,29840
5674,29832
5675,29888
5676,29832
5677,29840
5678,29808
5679,29816
5680,29800
5681,29792
5682,29784
5683,29776
5684,29760
5685,29752
5686,29728
5687,29744
5688,29776
5689,29776
5690,29808
5691,29808
5692,29824
5693,29864
5694,29816
5695,29864
5696,29896
5697,29912
5698,29904
5699,29952
5700,29944
5701,29976
5702,29952
5703,29960
5704,29992
5705,29992
5706,29984
5707,30000
5708,29984
5709,30024
5710,29992
5711,30000
5712,30024
5713,30016
5714,30016
5715,30016
5716,30016
5717,30000
5718,30000
5719,30016
5720,30032
5721,30016
5722,30024
5723,30056
5724,30048
5725,30072
5726,30064
5727,30072
5728,30096
5729,30096
5730,30080
5731,30104
5732,30128
5733,30136
5734,30112
5735,30040
5736,30000
5737,29872
5738,29768
5739,29680
5740,29592
5741,29544
5742,29512
5743,29504
5744,29520
5745,29488
5746,29528
5747,29520
5748,29576
5749,29576
5750,29576
5751,29576
5752,29624
5753,29624
5754,29648
5755,29656
5756,29696
5757,29712
5758,29704
5759,29736
5760,29744
5761,29744
5762,29752
5763,29736
5764,29704
5765,29696
5766,29688
5767,29672
5768,29648
5769,29632
5770,29632
5771,29616
5772,29632
5773,29664
5774,29616
5775,29624
5776,29672
5777,29672
5778,29656
5779,29688
5780,29696
5781,29704
5782,29736
5783,29728
5784,29744
5785,29760
5786,29800
5787,29840
5788,29848
5789,29832
5790,29864
5791,29856
5792,29888
5793,29880
5794,29944
5795,29928
5796,29960
5797,30000
5798,30000
5799,30048
5800,30024
5801,30040
5802,30104
5803,30120
5804,30152
5805,30184
5806,30168
5807,30264
5808,30296
5809,30376
5810,30408
5811,30480
5812,30544
5813,30592
5814,30632
5815,30712
5816,30776
5817,30816
5818,30888
5819,30960
5820,30992
5821,30992
5822,30960
5823,30880
5824,30784
5825,30640
5826,30520
5827,30392
5828,30368
5829,30280
5830,30248
5831,30240
5832,30224
5833,30264
5834,30296
5835,30360
5836,30432
5837,30480
5838,30520
5839,30632
5840,30720
5841,30800
5842,30936
5843,31048
5844,31152
5845,31224
5846,31392
5847,31472
5848,31552
5849,31616
5850,31632
5851,31672
5852,31664
5853,31616
5854,31616
5855,31608
5856,31624
5857,31632
5858,31672
5859,31728
5860,31712
5861,31712
5862,31752
5863,31776
5864,31816
5865,31880
5866,31888
5867,31920
5868,31944
5869,32008
5870,32088
5871,32136
5872,32208
5873,32240
5874,32304
5875,32344
5876,32416
5877,32448
5878,32504
5879,32504
5880,32504
5881,32512
5882,32512
5883,32520
5884,32536
5885,32552
5886,32536
5887,32576
5888,32576
5889,32600
5890,32616
5891,32640
5892,32656
5893,32648
5894,32688
5895,32680
5896,32696
5897,32672
5898,32680
5899,32632
5900,32528
5901,32392
5902,31840
5903,31672
5904,31552
5905,31480
5906,31432
5907,31392
5908,31368
5909,31400
5910,31416
5911,31448
5912,31528
5913,31576
5914,31640
5915,31688
5916,31752
5917,31832
5918,31960
5919,32016
5920,32128
5921,32184
5922,32232
5923,32280
5924,32288
5925,32240
5926,32264
5927,32256
5928,32224
5929,32200
5930,32160
5931,32144
5932,32112
5933,32088
5934,32088
5935,32104
5936,32104
5937,32120
5938,32152
5939,32168
5940,32208
5941,32232
5942,32296
5943,32312
5944,32328
5945,32352
5946,32392
5947,32400
5948,32408
5949,32440
5950,32488
5951,32464
5952,32480
5953,32496
5954,32536
5955,32536
5956,32536
5957,32520
5958,32552
5959,32576
5960,32536
5961,32552
5962,32536
5963,32544
5964,32568
5965,32544
5966,32560
5967,32552
5968,32544
5969,32560
5970,32576
5971,32584
5972,32592
5973,32616
5974,32600
5975,32616
5976,32568
5977,32472
5978,32312
5979,32072
5980,31864
5981,31648
5982,31488
5983,31360
5984,31264
5985,31200
5986,31200
5987,31208
5988,31208
5989,31216
5990,31288
5991,31336
5992,31352
5993,31408
5994,31456
5995,31488
5996,31520
5997,31560
5998,31584
5999,31656
